P100;DMA1
P1000;DMA1
P102;DMA1
P103;DMA1
P106;DMA1
P107;DMA1
P108;DMA1
P109;DMA1
P110;DMA1
P113;DMA1
P115;DMA1
P116;DMA1
P117;DMA1
P118;DMA1
P12;DMA1
P120;DMA1
P122;DMA1
P123;DMA1
P13;DMA1
P134;DMA1
P136;DMA1
P138;DMA1
P139;DMA1
P14;DMA1
P15;DMA1
P159;DMA1
P17;DMA1
P18;DMA1
P19;DMA1
P195;DMA1
P2;DMA1
P20;DMA1
P201;DMA1
P21;DMA1
P215;DMA1
P22;DMA1
P23;DMA1
P235;DMA1
P24;DMA1
P25;DMA1
P255;DMA1
P272;DMA1
P287;DMA1
P296;DMA1
P297;DMA1
P298;DMA1
P3;DMA1
P301;DMA1
P302;DMA1
P307;DMA1
P31;DMA1
P310;DMA1
P316;DMA1
P319;DMA1
P32;DMA1
P320;DMA1
P322;DMA1
P323;DMA1
P33;DMA1
P34;DMA1
P374;DMA1
P375;DMA1
P379;DMA1
P397;DMA1
P443;DMA1
P445;DMA1
P446;DMA1
P450;DMA1
P465;DMA1
P467;DMA1
P468;DMA1
P482;DMA1
P484;DMA1
P6;DMA1
P63;DMA1
P64;DMA1
P67;DMA1
P7;DMA1
P72;DMA1
P789;DMA1
P8;DMA1
P817;DMA1
P819;DMA1
P83;DMA1
P87;DMA1
P892;DMA1
P9;DMA1
P92;DMA1
P96;DMA1
P961;DMA1
P963;DMA1
P964;DMA1
P965;DMA1
P966;DMA1
P967;DMA1
P969;DMA1
P97;DMA1
P970;DMA1
P971;DMA1
P972;DMA1
P973;DMA1
P974;DMA1
P975;DMA1
P98;DMA1
P989;DMA1
P99;DMA1
P990;DMA1
P991;DMA1
P992;DMA1
P993;DMA1
P994;DMA1
P995;DMA1
P996;DMA1
P997;DMA1
P998;DMA1
P999;DMA1
P1016;DMA2
P1025;DMA2
P1026;DMA2
P1027;DMA2
P1028;DMA2
P1029;DMA2
P1030;DMA2
P1031;DMA2
P1032;DMA2
P148;DMA2
P165;DMA2
P237;DMA2
P238;DMA2
P252;DMA2
P256;DMA2
P291;DMA2
P292;DMA2
P293;DMA2
P308;DMA2
P336;DMA2
P337;DMA2
P340;DMA2
P341;DMA2
P343;DMA2
P344;DMA2
P347;DMA2
P348;DMA2
P349;DMA2
P380;DMA2
P381;DMA2
P383;DMA2
P384;DMA2
P385;DMA2
P386;DMA2
P39;DMA2
P524;DMA2
P527;DMA2
P54;DMA2
P86;DMA2
P933;DMA2
P934;DMA2
P935;DMA2
P398;DMA3
P376;DMA3
P378;DMA3
P755;DMA3
P756;DMA3
P763;DMA3
P767;DMA3
P769;DMA3
P772;DMA3
P777;DMA3
P779;DMA3
P783;DMA3
P786;DMA3
P787;DMA3
P788;DMA3
P791;DMA3
P794;DMA3
P795;DMA3
P796;DMA3
P798;DMA3
P807;DMA3
P94;DMA3
P95;DMA3
P11;DMA4
P141;DMA4
P144;DMA4
P150;DMA4
P16;DMA4
P161;DMA4
P166;DMA4
P184;DMA4
P228;DMA4
P230;DMA4
P231;DMA4
P249;DMA4
P251;DMA4
P309;DMA4
P35;DMA4
P402;DMA4
P410;DMA4
P424;DMA4
P53;DMA4
P55;DMA4
P65;DMA4
P752;DMA4
P753;DMA4
P759;DMA4
P760;DMA4
P761;DMA4
P781;DMA4
P808;DMA4
P813;DMA4
P815;DMA4
P840;DMA4
P841;DMA4
P915;DMA4
P976;DMA4
P978;DMA4
P981;DMA4
P982;DMA4
P983;DMA4
P984;DMA4
P986;DMA4
P987;DMA4
P988;DMA4
P399;DMA5
P1044;DMA5
P1045;DMA5
P154;DMA5
P155;DMA5
P156;DMA5
P157;DMA5
P158;DMA5
P160;DMA5
P162;DMA5
P245;DMA5
P246;DMA5
P248;DMA5
P266;DMA5
P372;DMA5
P38;DMA5
P398;DMA5
P40;DMA5
P403;DMA5
P409;DMA5
P44;DMA5
P492;DMA5
P57;DMA5
P58;DMA5
P596;DMA5
P609;DMA5
P823;DMA5
P826;DMA5
P827;DMA5
P830;DMA5
P831;DMA5
P842;DMA5
P844;DMA5
P846;DMA5
P847;DMA5
P850;DMA5
P851;DMA5
P852;DMA5
P853;DMA5
