P310;0.015;694.8;691.2;691.2;687.6;680.4;666;680.4;680.4;673.2;676.8;684;684;669.6;662.4;662.4;662.4;662.4;406.8;428.4;428.4;428.4;424.8;424.8;424.8;428.4;428.4;424.8;698.4;694.8;694.8;698.4;698.4;694.8;698.4;705.6;702;702;702;702;698.4;698.4;694.8;694.8;691.2;694.8;662.4;673.2;669.6;669.6;662.4;651.6;648;669.6;658.8;662.4;669.6;676.8;410.4;410.4;417.6;421.2;424.8;424.8;424.8;428.4;428.4;424.8;428.4;705.6;705.6;709.2;712.8;705.6;698.4;698.4;684;684;687.6;669.6;648;658.8;655.2;669.6;662.4;666;666;658.8;691.2;691.2;687.6;684;680.4;684;691.2;691.2;694.8;687.6;687.6;687.6;680.4;662.4;666;633.6;637.2;406.8;406.8;406.8;403.2;399.6;399.6;417.6;424.8;421.2;421.2;421.2;428.4;435.6;435.6;439.2;709.2;709.2;705.6;705.6;698.4;680.4;687.6;691.2;687.6;680.4;669.6;666;669.6;669.6;662.4;662.4;662.4;687.6;687.6;684;684;691.2;698.4;702;698.4;698.4;687.6;687.6;684;669.6;673.2;676.8;630;630;406.8;406.8;406.8;406.8;406.8;403.2;424.8;424.8;421.2;417.6;424.8;424.8;432;439.2;716.4
;;;;;;;;;;;;;;;;;;0.1;;;;;;;;;;0.1;;;;;;;;;;;;;;;;;;;;;;;;;;;;;;0.1;;;;;;;;;;;0.1;;;;;;;;;;;;;;;;;;;;;;;;;;;;;;;;;;;;0.1;;;;;;;;;;;;;;;0.1;;;;;;;;;;;;;;;;;;;;;;;;;;;;;;;;;;0.1;;;;;;;;;;;;;;0.1;
P237;0.015;176.4;172.8;169.2;169.2;0;0;172.8;176.4;0;0;180;183.6;172.8;172.8;172.8;172.8;169.2;169.2;176.4;176.4;180;180;180;176.4;176.4;172.8;172.8;169.2;0;176.4;176.4;176.4;180;180;180;180;176.4;176.4;176.4;0;180;180;180;180;180;172.8;0;172.8;172.8;172.8;165.6;165.6;169.2;0;0;176.4;176.4;0;180;183.6;180;180;180;176.4;176.4;176.4;180;180;180;180;180;180;176.4;172.8;172.8;0;172.8;176.4;0;0;176.4;180;176.4;169.2;169.2;169.2;169.2;176.4;176.4;176.4;176.4;0;0;183.6;180;180;180;176.4;176.4;172.8;0;0;176.4;176.4;176.4;176.4;169.2;169.2;162;0;0;176.4;176.4;176.4;176.4;176.4;176.4;176.4;176.4;176.4;176.4;172.8;172.8;172.8;0;172.8;176.4;176.4;0;180;176.4;169.2;169.2;169.2;169.2;169.2;176.4;176.4;176.4;0;180;180;180;180;176.4;172.8;172.8;172.8;0;0;180;176.4;172.8;0;172.8;172.8;169.2;169.2;165.6;172.8;172.8;176.4;176.4;0;180;180;180;180
;;;;;0.2;;0.2;;0.2;;0.2;;;;;;;;;;;;;;;;;;0.2;0.2;;;;;;;;;;0.2;0.2;;;;;;0.2;0.2;;;;;;0.2;;0.2;;0.2;0.2;;;;;;;;;;;;;;;;;0.2;0.2;;0.2;;0.2;;;;;;;;;;;0.2;;0.2;;;;;;;0.2;;0.2;;;;;;;0.2;;0.2;;;;;;;;;;;;;0.2;0.2;;;0.2;0.2;;;;;;;;;;0.2;0.2;;;;;;;;0.2;;0.2;;;0.2;0.2;;;;;;;;;0.2;0.2;;;;
P796;0.015;118.8;118.8;115.2;115.2;115.2;0;0;0;0;0;0;0;122.4;122.4;118.8;118.8;118.8;118.8;0;0;0;0;0;126;122.4;115.2;115.2;115.2;0;0;0;0;0;0;129.6;126;126;126;122.4;0;0;0;0;0;0;122.4;126;122.4;118.8;118.8;111.6;0;0;0;0;0;0;0;0;0;129.6;129.6;126;122.4;0;0;0;0;0;0;129.6;126;126;118.8;118.8;0;0;0;0;0;0;0;0;118.8;118.8;118.8;118.8;126;0;0;0;0;0;0;129.6;126;126;122.4;118.8;0;0;0;0;0;0;0;122.4;115.2;111.6;115.2;122.4;0;0;0;0;0;0;129.6;126;126;126;122.4;0;0;0;0;0;0;0;0;0;118.8;118.8;118.8;115.2;115.2;0;0;0;0;0;0;129.6;126;126;122.4;118.8;0;0;0;0;0;0;0;126;122.4;118.8;115.2;115.2;118.8;0;0;0;0;0;0;129.6;126
;;;;;;0.2;;;;;;;0.2;;;;;;0.2;;;;;0.2;;;;;0.2;;;;;;0.2;;;;;0.2;;;;;;0.2;;;;;;0.2;;;;;;;;;0.2;;;;0.2;;;;;;0.2;;;;;0.2;;;;;;;;0.2;;;;;0.2;;;;;;0.2;;;;;0.2;;;;;;;0.2;;;;;0.2;;;;;;0.2;;;;;0.2;;;;;;;;;0.2;;;;;0.2;;;;;;0.2;;;;;0.2;;;;;;;0.2;;;;;;0.2;;;;;;0.2;;
P424;0.02;108;108;100.8;0;0;0;115.2;111.6;0;0;115.2;111.6;111.6;111.6;108;108;111.6;111.6;108;108;115.2;111.6;111.6;111.6;100.8;100.8;0;0;108;111.6;111.6;111.6;0;115.2;108;108;108;108;104.4;104.4;104.4;111.6;108;0;115.2;118.8;111.6;111.6;108;108;108;104.4;0;0;0;115.2;111.6;111.6;0;108;108;108;108;104.4;104.4;104.4;111.6;111.6;111.6;115.2;108;104.4;104.4;100.8;0;0;111.6;108;0;0;118.8;118.8;108;108;108;108;108;108;108;104.4;0;115.2;115.2;115.2;108;108;108;108;104.4;100.8;0;0;115.2;118.8;115.2;115.2;108;108;104.4;0;0;108;115.2;111.6;111.6;111.6;104.4;104.4;104.4;104.4;104.4;104.4;100.8;0;0;111.6;108;0;0;115.2;108;104.4;108;108;108;108;0;115.2;115.2;115.2;115.2;108;108;108;104.4;104.4;104.4;0;0;115.2;108;0;0;111.6;111.6;111.6;108;108;108;104.4;104.4;111.6;0;115.2;115.2;108;108;108
;;;;0.2;;;0.2;;0.2;;0.2;;;;;;;;;;;;;;;;0.2;;0.2;;;;0.2;0.2;;;;;;;;;;0.2;0.2;;;;;;;;0.2;;;0.2;;;0.2;0.2;;;;;;;;;;;;;;;0.2;;0.2;;0.2;;0.2;;;;;;;;;;0.2;0.2;;;;;;;;;0.2;;0.2;;;;;;;0.2;;0.2;;;;;;;;;;;;0.2;;0.2;;0.2;;0.2;;;;;;;0.2;0.2;;;;;;;;;;0.2;;0.2;;0.2;;0.2;;;;;;;;;0.2;0.2;;;;;
P409;0.015;126;126;122.4;126;126;0;0;0;0;0;0;129.6;129.6;129.6;126;129.6;129.6;126;122.4;122.4;0;0;0;0;122.4;122.4;126;126;122.4;0;0;0;0;0;126;126;122.4;122.4;122.4;122.4;122.4;0;0;0;0;0;129.6;126;126;126;126;122.4;0;0;0;0;0;0;0;126;126;122.4;122.4;122.4;122.4;122.4;0;0;0;0;126;122.4;122.4;122.4;129.6;126;0;0;0;0;0;0;129.6;129.6;129.6;129.6;126;126;126;122.4;0;0;0;0;126;126;126;126;122.4;122.4;0;0;0;0;0;0;129.6;129.6;126;129.6;129.6;118.8;0;0;0;0;122.4;126;122.4;126;122.4;122.4;118.8;126;0;0;0;0;0;0;129.6;126;129.6;126;126;126;129.6;0;0;0;0;129.6;126;126;126;122.4;122.4;129.6;0;0;0;0;0;129.6;129.6;126;126;126;126;122.4;118.8;0;0;0;0;126;122.4;126
;;;;;;0.2;;;;;;0.2;;;;;;;;;0.2;;;;0.2;;;;;0.2;;;;;0.2;;;;;;;0.2;;;;;0.2;;;;;;0.2;;;;;;;0.2;;;;;;;0.2;;;;0.2;;;;;;0.2;;;;;;0.2;;;;;;;;0.2;;;;0.2;;;;;;0.2;;;;;;0.2;;;;;;0.2;;;;0.2;;;;;;;;0.2;;;;;;0.2;;;;;;;0.2;;;;0.2;;;;;;;0.2;;;;;0.2;;;;;;;;0.2;;;;0.2;;;
