T1;0.01;3;2.82;2.7;2.62;2.7;2.89;3.14;3.26;3.4;3.66;3.73;3.66;3.73;3.88;4.07;4.23;4.41;4.44;4.03;3.6525;3.275;2.8975;2.52;2.1425;1.765;1.3875;1.01;1.09;1.2;1.29;1.41;1.49;1.68;1.8;1.74;1.61;1.52;1.43;1.37;1.32;1.34;1.4;1.54;1.78;1.93;2.15;2.38;2.57;2.78;2.97;3.21;3.52;3.7;3.97;4.28;4.41;4.49;4.33;4.2;3.815;3.43;3.045;2.66;2.275;1.89;1.56;1.24;1.03;1.05;1.12;1.07;0.96;0.84;0.81;0.88;1.06;1.25;1.49;1.75;2.37;2.79;3.16;3.39;3.55;3.76;3.93;4.08;3.83;3.6;3.41;3.51;3.58;3.67;3.64;3.48;3.32;3.14;3.03;2.95;2.9;3.08;3.45;3.94;4.39;4.57;4.5;4.35;4.1;3.873333333;3.664444444;3.455555556;3.246666667;3.037777778;2.828888889;2.62;2.32;1.92;1.46;1.02;0.84;0.73;0.61;0.57;0.64;0.88;1.16;1.37;1.63;1.95;2.11;2.36;2.61;2.83;3.04;3.27;3.51;3.51;3.49;3.47;3.49;3.51;3.38;3.14;2.91;2.73;2.57;2.52;2.56;2.79;3.06;3.21;3.61;4.17;4.51;4.35;4.17;4.07;3.92;3.78;3.39;2.95;2.65;2.44;2.26;2;1.62;1.2;0.89
;;;;;;;;;;;;;;;;;;;;;0.2;0.2;0.2;0.2;0.2;0.2;0.2;;;;;;;;;;;;;;;;;;;;;;;;;;;;;;;;;;0.2;0.2;0.2;0.2;0.2;;;;;;;;;;;;;;;;;;;;;;;;;;;;;;;;;;;;;;;;;;;0.2;0.2;0.2;0.2;0.2;0.2;0.2;0.2;;;;;;;;;;;;;;;;;;;;;;;;;;;;;;;;;;;;;;;;;;;;;;;;;;;;;;
T2;0.01;0.5;0.72;0.96;1.19;1.57;2.37;3.1;3.53;3.99;4.75;5.12;5.39;5.09;4.21;3.33;2.46;1.6;0.74;0.75;0.72;0.85;1.05;1.25;1.5;1.62;1.65;1.84;1.94;2.51;3.17;3.48;3.75;4.05;4.31;4.52;4.35;4.21;4.09;3.98;3.97;4.55;4.76;4.97;5.21;5.41;5.25;4.59;3.97;3.09;2.22;1.36;0.75;0.78;1.63;2.55;3.21;3.68;4.1;4.74;4.8;4.526150375;4.313075188;4.1;3.94;3.78;3.87;3.92;4.01;4.18;4.37;4.32;4.12;3.93;3.81;3.74;4.3;4.74;5.02;5.49;5.5;4.98;4.46;3.92;3.1;2.24;1.38;0.52;0.73;1.01;1.49;2;2.48;3.27;3.68;3.87;3.87;3.86;3.87;3.91;4.16;4.67;5.44;5.23;4.71;4.19;3.66;3.05;2.75;2.45;2.25;2.15;2.1;2.1;2.2;2.28;2.57;2.73;2.63;2.37;2.29;2.24;2.2;2.25;2.56;3.17;3.86;4.18;4.49;5.15;5.5;4.97;4.15;3.29;2.43;1.57;0.73;0.86;1.37;1.86;2.44;3.07;3.43;3.43;3.38;3.37;3.37;3.44;3.76;4.33;5.06;5.44;5.09;4.57;4.42;4.09;3.2;2.33;1.47;0.62;0.6;0.9;1.29;1.68;2.07;2.64;2.79;2.66;2.46
;;;;;;;;;;;;;;;;;;;;;0.2;0.2;0.2;0.2;0.2;0.2;0.2;;;;;;;;;;;;;;;;;;;;;;;;;;;;;;;;;;0.2;0.2;0.2;0.2;0.2;;;;;;;;;;;;;;;;;;;;;;;;;;;;;;;;;;;;;;;;;;;0.2;0.2;0.2;0.2;0.2;0.2;0.2;0.2;;;;;;;;;;;;;;;;;;;;;;;;;;;;;;;;;;;;;;;;;;;;;;;;;;;;;;
T3;0.01;3;3.51;4.05;4.6;5.19;5.15;4.94;4.71;4.44;4.12;3.73;3.3;3.12;3.57;3.99;4.41;4.79;5.18;4.99;4.65;4.3;3.92;3.55;3.2;3.7;4.2;4.7;5.24;5.09;4.84;4.56;4.24;3.86;3.42;3;3.44;3.93;4.4;4.88;5.24;4.9;4.53;4.17;3.8;3.41;3.01;3.48;3.94;4.34;4.75;5.15;5.1;4.88;4.7;4.53;4.29;4.05;3.76;3.36;2.91;3.37;3.85;4.35;4.82;5.27;4.87;4.47;4.09;3.62;3.2;3.25;3.68;4.15;4.65;5.19;5.09;4.86;4.65;4.42;4.19;3.81;3.46;3.06;3.38;3.83;4.24;4.6;5.01;5.19;4.75;4.41;4.02;3.67;3.28;3.17;3.65;4.13;4.63;5.14;5.11;4.9;4.71;4.46;4.23;3.88;3.37;3.45;3.82;4.15;4.52;4.92;5.2;4.8;4.43;4.09;3.74;3.27;3.19;3.58;4.02;4.44;4.87;5.26;4.98;4.76;4.57;4.35;4.1;3.78;3.48;3.07;3.38;3.86;4.3;4.72;5.14;5.07;4.69;4.29;3.95;3.53;3.05;3.37;3.78;4.23;4.7;5.23;5.05;4.78;4.58;4.31;4;3.68;3.33;3.04;3.43;3.85;4.3;4.73;5.19;5.03;4.62;4.29;3.96;3.58;3.19;3.24;3.65
;;;;;;;;;;;;;;;;;;;;;0.2;0.2;0.2;0.2;0.2;0.2;0.2;;;;;;;;;;;;;;;;;;;;;;;;;;;;;;;;;;0.2;0.2;0.2;0.2;0.2;;;;;;;;;;;;;;;;;;;;;;;;;;;;;;;;;;;;;;;;;;;0.2;0.2;0.2;0.2;0.2;0.2;0.2;0.2;;;;;;;;;;;;;;;;;;;;;;;;;;;;;;;;;;;;;;;;;;;;;;;;;;;;;;
T4;0.01;2.5;2.76;3.35;3.96;4.24;3.52;3.25;3.96;4.34;3.21;3.33;3.5;3.55;3.68;3.52;3.63;3.41;3.27;3.06;3.13875;3.3;3.29625;3.5;3.45375;3.5325;3.61125;3.69;4.25;3.9;3.05;3.64;4.01;4.28;4.43;4.38;4.33;4.23;4.41;4.43;4.34;3;3.27;3.58;3.96;4.3;4.41;3.84;3.01;3;3.08;3.04;3.51;4.26;3.98;3.35;3.47;4.09;4.33;3.02;3.15;3.45;3.65;3.8;4.02;3.98;4.18;4.41;4.47;4.28;4.24;4.15;3.94;3.78;3.96;4.47;3.45;3.38;4.21;3.93;3.04;3.21;3.51;3.37;3.27;3.43;3.46;3.53;3.58;3.64;3.73;4.17;4.43;3.15;3.01;2.86;2.99;2.91;2.92;3.43;4;4.19;3.42;3.39;3.95;4.17;4.01;3.9;4;4.2;4.35;3.2;3.6;4.113450385;4.205555556;4.23;4.41;4.26;4.11;3.79;3.53;3.28;3.44;3.79;4.3;3.82;3.03;3.87;4.47;3.49;3.23;3.31;3.62;3.91;3.98;4.11;4.15;4.18;4.25;4.38;3.99;3.02;2.92;2.82;2.63;2.72;3.05;3.65;4.2;3.96;3.22;3.43;3.94;4.4;3.57;3.18;3.06;3.18;3.25;3.21;3.5;3.79;4.11;4.28;4.36;3.02;2.95;2.79;2.4
;;;;;;;;;;;;;;;;;;;;;0.2;0.2;0.2;0.2;0.2;0.2;0.2;;;;;;;;;;;;;;;;;;;;;;;;;;;;;;;;;;0.2;0.2;0.2;0.2;0.2;;;;;;;;;;;;;;;;;;;;;;;;;;;;;;;;;;;;;;;;;;;0.2;0.2;0.2;0.2;0.2;0.2;0.2;0.2;;;;;;;;;;;;;;;;;;;;;;;;;;;;;;;;;;;;;;;;;;;;;;;;;;;;;;
T5;0.01;1;1.56;2.21;2.9;3.75;4.47;4.11;3.71;3.16;2.51;1.83;1.72;2.08;2.42;2.83;3.23;3.57;3.84;4.1;4.4;4.2;3.6;3.03;2.4;1.9;2.25;2.74;3.41;4.07;4.38;3.79;3.12;2.47;1.65;1.78;2.16;2.55;2.96;3.35;3.78;4.24;4.23;3.56;2.84;2.19;1.52;1.85;2.12;2.5;2.82;3.21;3.83;4.46;4.13;3.79;3.34;2.85;2.3;1.55;1.928333333;2.306666667;2.685;3.063333333;3.441666667;3.82;4.28;4.33;3.61;2.71;1.81;1.67;1.93;2.32;2.73;3.36;3.96;4.4;4.02;3.54;3.04;2.35;1.62;1.81;2.19;2.6;2.93;3.22;3.67;4.08;4.42;3.96;3.22;2.49;1.83;1.68;2.06;2.49;2.94;3.47;3.99;4.38;4.04;3.57;3.12;2.46;1.61;2;2.4;2.8;3.1;3.5;3.9;4.28;3.5;2.6;1.87;1.64;1.92;2.06;2.25;2.53;2.89;3.38;4.02;4.36;3.96;3.57;3.09;2.54;1.88;1.69;2.1;2.62;2.95;3.43;3.87;4.35;4.02;3.33;2.68;1.85;1.69;1.9;2.14;2.43;2.91;3.51;4.16;4.26;3.87;3.38;2.83;2.2;1.52;1.87;2.21;2.68;3.05;3.48;4;4.49;3.88;3.14;2.41;1.68;1.74;1.91;2.12
;;;;;;;;;;;;;;;;;;;;;0.2;0.2;0.2;0.2;0.2;0.2;0.2;;;;;;;;;;;;;;;;;;;;;;;;;;;;;;;;;;0.2;0.2;0.2;0.2;0.2;;;;;;;;;;;;;;;;;;;;;;;;;;;;;;;;;;;;;;;;;;;0.2;0.2;0.2;0.2;0.2;0.2;0.2;0.2;;;;;;;;;;;;;;;;;;;;;;;;;;;;;;;;;;;;;;;;;;;;;;;;;;;;;;
T6;0.05;5.2;5.46;5.5;5.46;5.25;5.01;5.11;5.48;5.44;5.09;5.17;5.36;5.5;5.5;5.5;5.5;5.5;5.5;5.5;5.5;5.5;5.5;5.5;5.5;5.5;5.5;5.43;5.15;5.07;5.4;5.5;5.5;5.2;5.1;5.25;5.36;5.43;5.5;5.5;5.5;5.5;5.5;5.5;5.2;5.11;5.35;5.48;5.5;5.5;5.5;5.5;5.5;5.4;5.18;4.96;5.15;5.5;5.5;5.1;5.05;5.233333333;5.3;5.366666667;5.433333333;5.5;5.5;5.5;5.5;5.5;5.5;5.5;5.5;5.5;5.5;5.41;5.08;5.18;5.5;5.39;5.1;5.16;5.4;5.5;5.5;5.5;5.5;5.5;5.5;5.5;5.5;5.27;5.07;5.32;5.5;5.5;5.5;5.5;5.5;5.5;5.5;5.3;5.07;5.12;5.5;5.5;5.5;5.5;5.35;5.3;5.2;5.05;5.2;5.3;5.5;5.5;5.5;5.5;5.5;5.5;5.5;5.5;5.5;5.5;5.3;5.02;5.25;5.5;5.31;4.98;5.28;5.5;5.5;5.5;5.5;5.5;5.5;5.23;5.11;5.35;5.5;5.5;5.5;5.5;5.5;5.5;5.5;5.5;5.37;5.08;5.16;5.5;5.46;5.17;5.12;5.27;5.42;5.5;5.5;5.5;5.5;5.5;5.5;5.24;5.09;5.27;5.37;5.47;5.4
;;;;;;;;;;;;;;;;;;;;;0.2;0.2;0.2;0.2;0.2;0.2;0.2;;;;;;;;;;;;;;;;;;;;;;;;;;;;;;;;;;0.2;0.2;0.2;0.2;0.2;;;;;;;;;;;;;;;;;;;;;;;;;;;;;;;;;;;;;;;;;;;0.2;0.2;0.2;0.2;0.2;0.2;0.2;0.2;;;;;;;;;;;;;;;;;;;;;;;;;;;;;;;;;;;;;;;;;;;;;;;;;;;;;;
T7;0.02;2.5;2.99;3.95;4.6;3.73;2.89;3.09;3.93;4.51;2.91;2.68;2.79;2.74;2.77;2.8;2.98;3.27;3.09;2.85;3.05125;3.35;3.55;3.7;3.9;4.26;4.56;4.46;3.25;2.75;3.5;4.23;4.73;3.37;2.47;2.47;2.34;2.14;2.04;2.47;2.98;3.54;4.08;4.71;3.4;2.68;2.99;2.84;3.03;2.9;3.02;3.36;4.13;4.32;3.44;2.8;3.14;3.97;4.79;2.91;2.8;2.953333333;2.975;2.996666667;3.018333333;3.04;3.58;3.8;4.17;4.02;4.18;3.79;3.77;3.98;4.22;4.4;2.93;3;4.1;4.32;3.03;2.81;3.07;3.18;3.33;3.82;3.98;4.15;4.13;4.29;4.59;3.72;2.6;2.91;3.01;3.06;3.07;3.04;3.2;3.77;4.6;3.89;3.07;2.94;3.8;4.46;4.39;4.351111111;4.312222222;4.273333333;4.1;2.7;3.2;4.117777778;4.078888889;4.04;4.32;4.35;4.28;4.02;3.58;3.74;4.01;4.53;3.89;2.72;3.29;4.45;3.94;2.51;3.06;3.29;3.67;4.26;4.5;4.6;4.7;3.52;2.61;2.89;3.33;3.51;3.48;3.32;3.04;2.84;3.38;4.29;4.21;2.96;3.03;3.82;4.62;3.3;2.66;2.6;2.59;2.71;3.05;3.45;3.82;4.24;4.65;3.57;2.61;2.68;2.5;2.39;1.87
;;;;;;;;;;;;;;;;;;;;;0.2;0.2;0.2;0.2;0.2;0.2;0.2;;;;;;;;;;;;;;;;;;;;;;;;;;;;;;;;;;0.2;0.2;0.2;0.2;0.2;;;;;;;;;;;;;;;;;;;;;;;;;;;;;;;;;;;;;;;;;;;0.2;0.2;0.2;0.2;0.2;0.2;0.2;0.2;;;;;;;;;;;;;;;;;;;;;;;;;;;;;;;;;;;;;;;;;;;;;;;;;;;;;;
